Company Name,Website Link,Social Media Link,Location,Phone Number
Leaf Apparel,https://linktr.ee/leafofficialstore,https://www.instagram.com/leafapparel/,2gis.aeOnly include results for this siteRedo search without this siteBlock this site from all resultsShare feedback about this site2GIShttps://2gis.a...,
No Borders,https://nobordersshop.com/collections/all,https://www.instagram.com/nobordersshop/,msf-me.orgOnly include results for this siteRedo search without this siteBlock this site from all resultsShare feedback about this siteMÃ©decins Sans F...,
Mattar Farm,https://mattar.ae/about/,https://www.instagram.com/mattarfarm.ae/,Online / Remote,
Fujifilm Middle East,https://www.fujifilm.com/ae/en,https://www.instagram.com/fujifilmme/,fujifilm.comOnly include results for this siteRedo search without this siteBlock this site from all resultsShare feedback about this sitefujifilm.comh...,
Mamafri,https://www.zomato.com/dubai/mamafri-jumeirah-3,https://www.instagram.com/lovemamafri/,zomato.comOnly include results for this siteRedo search without this siteBlock this site from all resultsShare feedback about this siteZomatohttps://w...,"800315731, +971 58 501 4774, +971 4 330 0012"
Mama Fri,https://www.difc.com/experience/things-to-do/dine/mamafri,https://www.instagram.com/lovemamafri/,difc.comOnly include results for this siteRedo search without this siteBlock this site from all resultsShare feedback about this sitedifc.comhttps://w...,+971 52 027 4185
Bonbird,https://bonbirdchicken.com/,https://www.instagram.com/bonbird.mena/,Online / Remote,
VANDART,https://www.vandartstudio.com/,https://www.instagram.com/vandart._/,opencorpdata.comOnly include results for this siteRedo search without this siteBlock this site from all resultsShare feedback about this siteOpenCorpD...,
Prince Politique,https://princepolitique.com/,https://www.instagram.com/princepolitique/,Online / Remote,
Basliq,https://www.basliq.com/,https://www.instagram.com/basliq_/,Online / Remote,
